{
  "hash": "fa4e6eb1",
  "configHash": "a6962541",
  "lockfileHash": "31b4d611",
  "browserHash": "daf9c192",
  "optimized": {
    "@angular/common": {
      "src": "../../../../../../node_modules/@angular/common/fesm2022/common.mjs",
      "file": "@angular_common.js",
      "fileHash": "8ab5cd3b",
      "needsInterop": false
    },
    "@angular/core": {
      "src": "../../../../../../node_modules/@angular/core/fesm2022/core.mjs",
      "file": "@angular_core.js",
      "fileHash": "176da56b",
      "needsInterop": false
    },
    "@angular/platform-browser": {
      "src": "../../../../../../node_modules/@angular/platform-browser/fesm2022/platform-browser.mjs",
      "file": "@angular_platform-browser.js",
      "fileHash": "d23f4c79",
      "needsInterop": false
    },
    "@angular/router": {
      "src": "../../../../../../node_modules/@angular/router/fesm2022/router.mjs",
      "file": "@angular_router.js",
      "fileHash": "d7051b7a",
      "needsInterop": false
    },
    "@angular/forms": {
      "src": "../../../../../../node_modules/@angular/forms/fesm2022/forms.mjs",
      "file": "@angular_forms.js",
      "fileHash": "f3a0e3f3",
      "needsInterop": false
    }
  },
  "chunks": {
    "chunk-PAAZ36ZX": {
      "file": "chunk-PAAZ36ZX.js"
    },
    "chunk-B3VLQONI": {
      "file": "chunk-B3VLQONI.js"
    },
    "chunk-JSLWBNZY": {
      "file": "chunk-JSLWBNZY.js"
    }
  }
}